{
  "results": [
    {
      "command": "./target/release-debug/dual_threshold_optimization -1 tmp/ranklist1.csv -2 tmp/ranklist2.csv -p 1000 --threads 28",
      "mean": 0.07048166329500001,
      "stddev": 0.010374977925155833,
      "median": 0.06846897742000001,
      "user": 1.6402429799999998,
      "system": 0.014686003333333334,
      "min": 0.06706161442,
      "max": 0.11901770942,
      "times": [
        0.11901770942,
        0.06857364642000001,
        0.06706161442,
        0.06755165742000001,
        0.06769897742,
        0.06821113842,
        0.06767487042,
        0.06713058342,
        0.06909602242,
        0.06822960842,
        0.06766176142000001,
        0.06836430842,
        0.06890333142,
        0.06896359242,
        0.06878417642000001,
        0.07058248842,
        0.07016090242,
        0.06734856742,
        0.06887936442,
        0.06745055642,
        0.06887237542,
        0.06860368542,
        0.06870117542,
        0.06803780542
      ],
      "exit_codes": [
        0,
        0,
        0,
        0,
        0,
        0,
        0,
        0,
        0,
        0,
        0,
        0,
        0,
        0,
        0,
        0,
        0,
        0,
        0,
        0,
        0,
        0,
        0,
        0
      ]
    }
  ]
}
