TF,TFCommon,Bound Size,DE Size,Intersection,FDR Lower Bound,HypergeometricPVal,Response Rate,Relative Risk,Fold Enrichment,Jaccard Similarity,Genes
YBL005W,PDR3,3,25,2,0.0010075228371843096,5.7599699145355198e-05,0.6666666666666666,7.3375249499383806,148.88,0.07692307692307693,"['LDB7', 'PDR3']"
YBR182C,SMP1,86,78,14,0.05302128911747397,6.6037992079028393e-12,0.16279069767441862,3.8055189313932676,11.652057245080501,0.09333333333333334,"['ASH1', 'CWP1', 'ERG5', 'EXG1', 'HNM1', 'PIR3', 'SBE2', 'SIA1', 'SLT2', 'SMP1', 'SPT14', 'SSK22', 'TRE1', 'UTR2']"
